{"cameraMode":{"drawMode":0,"name":"Shaded","section":"Shading Mode"},"sceneLighting":false,"audioPlay":false,"sceneViewState":{"m_AlwaysRefresh":false,"showFog":true,"showSkybox":false,"showFlares":true,"showImageEffects":true,"showParticleSystems":true,"showVisualEffectGraphs":true,"m_FxEnabled":true},"in2DMode":false,"pivot":{"x":-0.011252284049987793,"y":2.0525898933410646,"z":1.259840488433838},"rotation":{"x":0.13709422945976258,"y":0.41335242986679079,"z":-0.0631074532866478,"w":0.897980272769928},"size":1.0377851724624634,"orthographic":false}